"step","max_temp"
0.0,200.06079
1000.0,200.02562
1000.0,-0.0011651634704321623
1000.0,0.0026664570905268192
